email,user_id
email,user_id
testlag@kevin.com,
darren_user@kevin.com,
nouserid@kevin.com,no_user_id
tommy@kevin.com,
ryan@kevin.com,37
updated@kevinruby.com,asdfasdfasdfasdfasdf
kevinexcel@kevin.com,36
kevintest@test.com,15001
visitorsignup@kevin.com,35
convertme2@kevin.com,xyz
,facebook|10206935003803746
convertedlead@kevin.com,34
,asdfasdf
api@kevin.com,
changed@test.com,33
test_dupe2@test.com,808
test_dupe2@test.com,
test_dupe@test.com,0909
,7070
mergeplease@kevin.com,32
slack@kevin.com,31
testmerge@test.com,c41ddfaf-8745-4b06-a3f4-758878decd40
button@test.com,30
,56aa509a96e15e41ed00018e
,7bbd2a80-38d4-4641-826c-173f810a0c2b
existing@user.com,29
testcompany@asdf.com,700
team@intercom.io,
testtimestamp@asdf.com,
test@test.com,26
kchang85+lead2@gmail.com,25
kctest@test.com,2000
local@local.com,24
kevintest@test.test,0123
megan.daly@intercom.io,
api@kevin.com,9999
kchang85+test100@gmail.com,2100
kchang85+test98@gmail.com,2098
kchang85+test99@gmail.com,2099
kchang85+test90@gmail.com,2090
kchang85+test89@gmail.com,2089
kchang85+test96@gmail.com,2096
kchang85+test92@gmail.com,2092
kchang85+test93@gmail.com,2093
kchang85+test95@gmail.com,2095
kchang85+test88@gmail.com,2088
kchang85+test91@gmail.com,2091
kchang85+test94@gmail.com,2094
kchang85+test97@gmail.com,2097
kchang85+test85@gmail.com,2085
